neuron_id,normalized_soma_depth,layer,met_cluster,t_cluster
601506507,0.361014514,L2/3,Vip-MET-2,Vip Gpc3 Slc18a3
601790961,0.621829352,L5,,
601803754,0.164239963,L2/3,Sst-MET-3,Sst Calb2 Pdlim5
601808698,0.483030289,L4,Sst-MET-8,Sst Hpse Cbln4
601810307,0.295656295,L2/3,Sst-MET-3,Sst Calb2 Necab1
601811091,0.766594576,L6,Sst-MET-13,Sst Esm1
602231708,0.589005051,L5,Sst-MET-4,Sst Calb2 Pdlim5
602535278,0.397545508,L4,Sst-MET-3,Sst Calb2 Pdlim5
604646725,0.3044429,L2/3,Vip-MET-1,Vip Pygm C1ql1
605060256,0.416261743,L4,Vip-MET-4,Vip Lmo1 Myl1
605160536,0.222147422,L2/3,Vip-MET-5,Vip Crispld2 Kcne4
606098116,0.281891345,L2/3,Pvalb-MET-4,Pvalb Tpbg
606271263,0.17944989,L2/3,Pvalb-MET-5,Pvalb Vipr2
606308411,0.171680017,L2/3,Pvalb-MET-5,Pvalb Vipr2
614728680,0.604392274,L5,Pvalb-MET-4,Pvalb Reln Itm2a
623326230,0.292879196,L2/3,Sst-MET-2,Sst Tac1 Tacr3
623415197,0.190213546,L2/3,Pvalb-MET-4,Pvalb Tpbg
623434306,0.231416533,L2/3,Sst-MET-2,Sst Tac1 Htr1d
626153003,0.684141822,L5,Sst-MET-12,Sst Hpse Cbln4
627881581,0.416706237,L4,Sst-MET-8,Sst Hpse Cbln4
637846989,0.13693756,L2/3,Lamp5-MET-1,Lamp5 Lsp1
638212024,0.114190205,L1,,
639004612,0.316463718,L2/3,Vip-MET-1,Vip Igfbp4 Mab21l1
639013022,0.161293406,L2/3,Vip-MET-1,Vip Rspo1 Itga4
639674270,0.767271333,L6,Vip-MET-3,Vip Lmo1 Fam159b
639708328,0.734785746,L5,Sst-MET-12,Sst Esm1
639797308,0.276069697,L2/3,Pvalb-MET-4,Pvalb Tpbg
639809582,0.795389405,L6,Sst-MET-12,Sst Tac2 Myh4
639818525,0.471844918,L4,,
639841063,0.424574033,L4,Sst-MET-8,Sst Hpse Cbln4
639862877,0.512540724,L5,Sst-MET-8,Sst Hpse Cbln4
639881631,0.65165216,L5,Sst-MET-5,Sst Myh8 Etv1
639893239,0.754867394,L6,Sst-MET-12,Sst Mme Fam114a1
639962984,0.329121938,L2/3,Sst-MET-2,Sst Tac1 Htr1d
640061596,0.57701248,L5,Sst-MET-1,Sst Chodl
640111844,0.904508496,L6,Sst-MET-12,Sst Crh 4930553C11Rik
640280740,0.258358999,L2/3,Vip-MET-4,Vip Lect1 Oxtr
642124659,0.287330334,L2/3,Lamp5-MET-1,Lamp5 Lsp1
643021973,0.33288485,L2/3,Vip-MET-4,Vip Crispld2 Kcne4
643536919,0.664109303,L5,Sncg-MET-1,Sncg Vip Nptx2
643702874,0.536422267,L5,,
643727497,0.905900733,L6,Sst-MET-1,Sst Chodl
643754730,0.68893031,L5,Sst-MET-1,Sst Chodl
644571405,0.937069264,L6,Pvalb-MET-2,Pvalb Th Sst
644920227,0.162502178,L2/3,Vip-MET-5,Vip Lect1 Oxtr
644941196,0.100036015,L1,,
644994103,0.638180656,L5,Lamp5-MET-1,Lamp5 Lsp1
645012440,0.717148259,L5,Sst-MET-6,Sst Myh8 Etv1
645057881,0.696407459,L5,Sst-MET-4,Sst Calb2 Necab1
645169930,0.06585063,L1,Lamp5-MET-1,Lamp5 Plch2 Dock5
645322005,0.596607866,L5,Sst-MET-12,Sst Mme Fam114a1
645355846,0.891777938,L6,Pvalb-MET-2,Pvalb Akr1c18 Ntf3
646805498,0.631894442,L5,Pvalb-MET-4,Pvalb Reln Itm2a
646852171,0.473444366,L4,Pvalb-MET-4,Pvalb Reln Itm2a
647045788,0.360018446,L2/3,,
648139266,0.303782701,L2/3,Vip-MET-2,Vip Ptprt Pkp2
648582997,0.088127015,L1,Lamp5-MET-1,Lamp5 Ntn1 Npy2r
649387261,0.650597959,L5,Sst-MET-5,Sst Nr2f2 Necab1
652299236,0.329976998,L2/3,Pvalb-MET-4,Pvalb Tpbg
652300499,0.267492008,L2/3,Lamp5-MET-1,Lamp5 Lsp1
652305423,0.869138366,L6,Lamp5-MET-1,Lamp5 Lsp1
652306478,0.85284093,L6,,
652516963,0.200098593,L2/3,Sncg-MET-2,Sncg Gpr50
652533530,0.749644271,L6,Sst-MET-12,Sst Esm1
652812484,0.207071539,L2/3,Lamp5-MET-1,Lamp5 Plch2 Dock5
652958762,0.497206391,L5,Sst-MET-8,Sst Hpse Cbln4
653327513,0.679350914,L5,Pvalb-MET-2,Pvalb Sema3e Kank4
653699672,0.528398747,L5,Sst-MET-8,Sst Hpse Cbln4
656156755,0.527525009,L5,Sst-MET-8,Sst Hpse Cbln4
656705176,0.162570099,L2/3,Sst-MET-1,Sst Chodl
656706125,0.326207799,L2/3,Pvalb-MET-4,Pvalb Tpbg
656901554,0.525437369,L5,Sst-MET-7,Sst Hpse Sema3c
657184390,0.421973108,L4,Vip-MET-2,Vip Rspo4 Rxfp1 Chat
657185355,0.206368837,L2/3,Vip-MET-2,Vip Rspo4 Rxfp1 Chat
657442490,0.565702444,L5,Sst-MET-7,Sst Hpse Sema3c
657454163,0.492769409,L5,Sst-MET-8,Sst Hpse Cbln4
657661669,0.747872104,L6,Sst-MET-12,Sst Crhr2 Efemp1
657661984,0.488006605,L4,Sst-MET-8,Sst Hpse Cbln4
657675492,0.226365254,L2/3,Sst-MET-3,Sst Calb2 Pdlim5
657857340,0.51172476,L5,Sst-MET-4,Sst Calb2 Necab1
657858349,0.695685602,L5,Sst-MET-6,Sst Myh8 Etv1
657983207,0.760453903,L6,Sst-MET-12,Sst Hpse Cbln4
657984709,0.913711799,L6,Pvalb-MET-2,Pvalb Th Sst
657985196,0.716565914,L5,Sst-MET-12,Sst Rxfp1 Eya1
657999088,0.31479151,L2/3,Sst-MET-3,Sst Calb2 Pdlim5
658012080,0.821604971,L6,Sst-MET-12,Sst Crhr2 Efemp1
658447323,0.248411412,L2/3,Vip-MET-5,Vip Rspo1 Itga4
659012847,0.822048366,L6,Pvalb-MET-2,Pvalb Calb1 Sst
659395808,0.799040799,L6,,
659405820,0.675171553,L5,Sst-MET-12,Sst Crhr2 Efemp1
659405868,0.134995877,L2/3,Sst-MET-1,Sst Chodl
659413418,0.473634174,L4,Sst-MET-12,Sst Hpse Cbln4
659697295,0.190543709,L2/3,Lamp5-MET-1,Lamp5 Lsp1
660050258,0.640867707,L5,Sst-MET-6,Sst Chrna2 Ptgdr
661189529,0.600090987,L5,Sst-MET-9,Sst Tac2 Tacstd2
661318431,0.780293311,L6,Sst-MET-12,Sst Crh 4930553C11Rik
661319074,0.747057925,L6,Sst-MET-9,Sst Tac2 Tacstd2
661422439,0.427906881,L4,Vip-MET-2,Vip Ptprt Pkp2
661492805,0.395531883,L4,Sst-MET-4,Sst Calb2 Pdlim5
662580082,0.876741331,L6,,
663193112,0.629205443,L5,Pvalb-MET-3,Pvalb Gpr149 Islr
666141992,0.342272947,L2/3,Pvalb-MET-4,Pvalb Tpbg
667473785,0.340105022,L2/3,Sst-MET-12,Sst Mme Fam114a1
667492234,0.094763875,L1,Lamp5-MET-1,Lamp5 Lsp1
668176228,0.69222837,L5,Sst-MET-12,Sst Rxfp1 Eya1
668337999,0.370484228,L4,Sst-MET-2,Sst Tac1 Htr1d
668464797,0.234520963,L2/3,Vip-MET-1,Vip Pygm C1ql1
669047778,0.667190183,L5,Sst-MET-12,Sst Crhr2 Efemp1
669072736,0.832686257,L6,Pvalb-MET-1,Pvalb Gabrg1
669074640,0.378111847,L4,Sst-MET-3,Sst Calb2 Pdlim5
669088423,0.451348414,L4,,
669165397,0.700002905,L5,Sst-MET-9,Sst Tac2 Tacstd2
669523148,0.18707771,L2/3,Lamp5-MET-1,Lamp5 Plch2 Dock5
669825289,0.229119074,L2/3,Sst-MET-2,Sst Tac1 Htr1d
669838950,0.559032742,L5,Pvalb-MET-4,Pvalb Reln Itm2a
670091720,0.320777719,L2/3,Pvalb-MET-4,Pvalb Reln Itm2a
670340941,0.785668692,L6,Sst-MET-1,Sst Chodl
673132928,0.780698924,L6,Sst-MET-6,Sst Myh8 Etv1
673395815,0.720151304,L5,Sst-MET-12,Sst Crhr2 Efemp1
673427380,0.759445164,L6,Sst-MET-6,Sst Chrna2 Glra3
674069192,0.168144148,L2/3,Sst-MET-3,Sst Calb2 Pdlim5
674126167,0.786930688,L6,Pvalb-MET-2,Pvalb Calb1 Sst
674495385,0.653346858,L5,Sst-MET-9,Sst Tac2 Tacstd2
679457550,0.654529788,L5,Sst-MET-13,Sst Nts
679899997,0.382290714,L4,Sst-MET-3,Sst Hpse Cbln4
679932490,0.44323726,L4,Pvalb-MET-4,Pvalb Tpbg
680027413,0.288932865,L2/3,Vip-MET-4,Vip Lect1 Oxtr
680048186,0.804393401,L6,Pvalb-MET-1,Pvalb Gabrg1
680108584,0.768858415,L6,Pvalb-MET-1,Pvalb Gabrg1
681793778,0.18881947,L2/3,Vip-MET-5,Vip Crispld2 Htr2c
682332013,0.635638186,L5,Pvalb-MET-3,Pvalb Reln Tac1
682454193,0.243428454,L2/3,Pvalb-MET-4,Pvalb Tpbg
683899155,0.483856394,L4,Sst-MET-4,Sst Nr2f2 Necab1
685624703,0.813942763,L6,Sst-MET-12,Sst Crhr2 Efemp1
685636842,0.823445646,L6,Sst-MET-12,Sst Crhr2 Efemp1
685707621,0.865714305,L6,Pvalb-MET-2,Pvalb Th Sst
687907602,0.701016015,L5,Sst-MET-6,Sst Chrna2 Glra3
688115867,0.954914277,L6,Sst-MET-10,Sst Rxfp1 Prdm8
688145929,0.918072832,L6,Pvalb-MET-2,Pvalb Th Sst
688958418,0.491323944,L4,Sst-MET-8,Sst Hpse Cbln4
689030611,0.846022868,L6,Pvalb-MET-2,Pvalb Calb1 Sst
689098357,0.501957264,L5,Sst-MET-12,Sst Hpse Cbln4
689211404,0.734525167,L5,Pvalb-MET-1,Pvalb Gabrg1
689280134,0.764110444,L6,Pvalb-MET-1,Pvalb Gabrg1
689656936,0.208155796,L2/3,Sst-MET-3,Sst Calb2 Pdlim5
691511791,0.294402677,L2/3,Vip-MET-2,Vip Rspo4 Rxfp1 Chat
691665864,0.305487639,L2/3,Lamp5-MET-1,Lamp5 Plch2 Dock5
691685873,0.293180458,L2/3,Lamp5-MET-1,Lamp5 Lsp1
691719142,0.268106504,L2/3,Vip-MET-4,Vip Lmo1 Myl1
692015490,0.979607448,L6,Sst-MET-10,Sst Rxfp1 Prdm8
692044280,0.87287359,L6,Sst-MET-13,Sst Nts
692083084,0.265243121,L2/3,,
692286150,0.360231779,L2/3,Vip-MET-4,Vip Lmo1 Myl1
692310663,,,Sst-MET-6,Sst Chrna2 Glra3
692565557,0.744062858,L5,Sst-MET-13,Sst Esm1
692777680,0.230325235,L2/3,Vip-MET-5,Vip Crispld2 Kcne4
692821749,0.832628757,L6,Pvalb-MET-2,Pvalb Sema3e Kank4
692824134,0.577368159,L5,Pvalb-MET-4,Pvalb Reln Itm2a
692846027,0.856299097,L6,Pvalb-MET-2,Pvalb Sema3e Kank4
693009119,0.923752369,L6,Sst-MET-13,Sst Nts
693085460,0.569603937,L5,Sst-MET-7,Sst Hpse Sema3c
693265371,0.291103771,L2/3,Vip-MET-2,Vip Ptprt Pkp2
694146546,0.438170241,L4,Vip-MET-2,Vip Ptprt Pkp2
694162255,0.857859503,L6,Sst-MET-13,Sst Nts
694183636,0.378015467,L4,Vip-MET-5,Vip Crispld2 Kcne4
694220357,0.835178258,L6,Pvalb-MET-2,Pvalb Akr1c18 Ntf3
694419620,0.810975258,L6,Pvalb-MET-1,Pvalb Gabrg1
694437359,0.800342395,L6,Pvalb-MET-1,Pvalb Gabrg1
694689662,0.284105222,L2/3,Vip-MET-2,Vip Ptprt Pkp2
694734857,0.423702297,L4,Vip-MET-4,Vip Lmo1 Myl1
695316536,0.306531265,L2/3,Vip-MET-2,Vip Ptprt Pkp2
696115308,0.269666104,L2/3,Vip-MET-4,Vip Lect1 Oxtr
697502029,0.77482831,L6,Sst-MET-10,Sst Rxfp1 Prdm8
697787349,0.825990832,L6,Pvalb-MET-2,Pvalb Sema3e Kank4
697795277,0.923487964,L6,Pvalb-MET-2,Pvalb Sema3e Kank4
697799017,0.279205018,L2/3,Vip-MET-4,Vip Lmo1 Myl1
697810838,0.274775189,L2/3,Vip-MET-5,Vip Crispld2 Kcne4
698042345,0.842282557,L6,Pvalb-MET-2,Pvalb Sema3e Kank4
698086962,0.507713748,L5,Pvalb-MET-4,Pvalb Reln Itm2a
698570301,0.643401703,L5,Pvalb-MET-4,Pvalb Reln Itm2a
698586385,0.823781223,L6,Pvalb-MET-2,Pvalb Sema3e Kank4
699448311,0.419062859,L4,Pvalb-MET-4,Pvalb Tpbg
699495755,0.366776965,L4,Pvalb-MET-4,Pvalb Tpbg
700390241,0.307863872,L2/3,Vip-MET-2,Vip Ptprt Pkp2
700413526,0.684910516,L5,Vip-MET-3,Vip Lmo1 Fam159b
701075567,0.540072007,L5,Sst-MET-1,Sst Chodl
701140434,0.793226686,L6,Pvalb-MET-2,Pvalb Sema3e Kank4
702051128,0.729044683,L5,Sst-MET-13,Sst Esm1
703283610,0.840623868,L6,Sst-MET-12,Sst Crh 4930553C11Rik
703565379,0.854500692,L6,Pvalb-MET-2,Pvalb Th Sst
704047023,0.635278144,L5,Sst-MET-4,Sst Calb2 Pdlim5
705217315,0.674541265,L5,Sst-MET-9,Sst Tac2 Tacstd2
705278421,0.304489747,L2/3,Sst-MET-2,Sst Tac1 Tacr3
705570328,0.61387676,L5,Sst-MET-5,Sst Myh8 Etv1
705817510,0.701428728,L5,Sst-MET-5,Sst Nr2f2 Necab1
707162377,0.83668569,L6,Sst-MET-12,Sst Crhr2 Efemp1
707179690,0.211230792,L2/3,Sst-MET-1,Sst Chodl
707403326,0.472535654,L4,Sst-MET-8,Sst Hpse Cbln4
707424705,0.656830671,L5,Sst-MET-12,Sst Mme Fam114a1
707666779,0.616892483,L5,Lamp5-MET-1,Lamp5 Lsp1
708221965,0.75083495,L6,Sst-MET-12,Sst Crh 4930553C11Rik
709153201,0.814111988,L6,Pvalb-MET-2,Pvalb Sema3e Kank4
709219898,0.443653428,L4,Vip-MET-1,Vip Pygm C1ql1
710338421,0.746135227,L6,Sst-MET-12,Sst Esm1
710730520,0.492773985,L5,Sst-MET-2,Sst Tac1 Htr1d
710743304,0.727822752,L5,,
710784375,0.33008768,L2/3,Sst-MET-3,Sst Calb2 Necab1
710920450,0.649269171,L5,Sst-MET-7,Sst Hpse Sema3c
711212623,0.906712848,L6,Sst-MET-12,Sst Crh 4930553C11Rik
711464852,0.712281312,L5,Sst-MET-1,Sst Chodl
711483278,0.747166098,L6,Lamp5-MET-2,Lamp5 Lhx6
711528753,0.88514115,L6,Sst-MET-1,Sst Chodl
711571947,0.874783324,L6,Sst-MET-12,Sst Crhr2 Efemp1
711770582,0.376477388,L4,Sst-MET-3,Sst Calb2 Pdlim5
711903629,0.679370578,L5,Sst-MET-5,Sst Nr2f2 Necab1
713132614,0.399530666,L4,Sst-MET-3,Sst Calb2 Necab1
713442456,0.432594514,L4,Sst-MET-8,Sst Hpse Cbln4
714046701,0.315096413,L2/3,Pvalb-MET-4,Pvalb Reln Itm2a
714228701,0.552112317,L5,Pvalb-MET-3,Pvalb Reln Tac1
714485370,0.532142414,L5,Sncg-MET-1,Sncg Vip Nptx2
714601733,0.773915555,L6,Pvalb-MET-2,Pvalb Akr1c18 Ntf3
714755043,0.745000379,L5,Sncg-MET-1,Sncg Vip Nptx2
714936352,0.226146064,L2/3,Sncg-MET-1,Sncg Vip Itih5
715159651,0.259444287,L2/3,Vip-MET-1,Vip Pygm C1ql1
716298521,0.276289993,L2/3,Sncg-MET-1,Sncg Vip Itih5
716832846,0.694804682,L5,Lamp5-MET-1,Lamp5 Lsp1
717637005,0.140959618,L2/3,Lamp5-MET-1,Lamp5 Plch2 Dock5
717675736,0.192954845,L2/3,Lamp5-MET-1,Lamp5 Lsp1
718135969,0.924029252,L6,Sst-MET-12,Sst Rxfp1 Eya1
718188717,0.880095173,L6,Pvalb-MET-2,Pvalb Sema3e Kank4
718195284,0.683265839,L5,Sst-MET-13,Sst Nts
718202813,0.85516843,L6,Sst-MET-12,Sst Esm1
718205473,0.87466279,L6,Sst-MET-12,Sst Crhr2 Efemp1
718237581,0.800892876,L6,Pvalb-MET-2,Pvalb Sema3e Kank4
718257664,0.247235341,L2/3,Pvalb-MET-4,Pvalb Tpbg
718494231,0.730237407,L5,Sst-MET-12,Sst Mme Fam114a1
718618263,0.383805938,L4,Sst-MET-3,Sst Calb2 Pdlim5
718636190,0.84675886,L6,Sst-MET-10,Sst Rxfp1 Prdm8
718640845,0.7348269,L5,Sst-MET-9,Sst Tac2 Tacstd2
718643723,0.802327324,L6,Sst-MET-12,Sst Crh 4930553C11Rik
718644056,0.803363,L6,,
718647510,0.89137836,L6,Sst-MET-12,Sst Crhr2 Efemp1
718656998,0.743770394,L5,Pvalb-MET-2,Pvalb Calb1 Sst
718872930,0.534201046,L5,Pvalb-MET-4,Pvalb Reln Itm2a
720186469,0.70920572,L5,Sst-MET-13,Sst Esm1
720207494,0.845588567,L6,Sst-MET-12,Sst Crh 4930553C11Rik
720318238,0.539839694,L5,Sst-MET-7,Sst Hpse Sema3c
720678722,0.847975454,L6,Sst-MET-12,Sst Crhr2 Efemp1
722795299,0.827866012,L6,Sst-MET-12,Sst Crhr2 Efemp1
722821387,0.378274642,L4,Sst-MET-3,Sst Calb2 Pdlim5
728756295,0.56778107,L5,Sst-MET-4,Sst Calb2 Necab1
729135271,0.653346423,L5,Sst-MET-13,Sst Esm1
730744363,0.76519584,L6,Pvalb-MET-4,Pvalb Reln Itm2a
730796336,0.209447909,L2/3,Vip-MET-2,Vip Ptprt Pkp2
731651186,0.694683526,L5,Sst-MET-13,Sst Esm1
731683221,0.710356571,L5,Sst-MET-5,Sst Myh8 Etv1
731733715,0.548875873,L5,Sst-MET-6,Sst Myh8 Etv1
731765828,0.683873371,L5,Sst-MET-9,Sst Tac2 Tacstd2
731882356,0.147477432,L2/3,Lamp5-MET-1,Lamp5 Ntn1 Npy2r
731917470,0.229832537,L2/3,Lamp5-MET-1,Lamp5 Plch2 Dock5
736884821,0.294276061,L2/3,Vip-MET-5,Vip Crispld2 Kcne4
738041476,0.196963248,L2/3,Vip-MET-1,Vip Rspo1 Itga4
738043822,0.184900623,L2/3,Vip-MET-5,Vip Crispld2 Kcne4
738401019,0.157724957,L2/3,Vip-MET-5,Vip Crispld2 Kcne4
738859085,0.234687748,L2/3,Vip-MET-5,Vip Crispld2 Kcne4
739539292,0.609332968,L5,Sst-MET-4,Sst Calb2 Pdlim5
739547189,0.309945598,L2/3,Vip-MET-1,Vip Pygm C1ql1
739558698,0.571236492,L5,Sst-MET-4,Sst Calb2 Pdlim5
739570508,0.22369958,L2/3,Vip-MET-4,Vip Crispld2 Kcne4
739792780,0.569473109,L5,Sst-MET-12,Sst Hpse Cbln4
739810705,0.718864395,L5,Lamp5-MET-1,Lamp5 Plch2 Dock5
740094065,0.764622576,L6,Sst-MET-12,Sst Crh 4930553C11Rik
740110275,0.837837445,L6,Sst-MET-13,Sst Nts
740134630,0.711924342,L5,Sst-MET-5,Sst Myh8 Etv1
740135032,0.516121717,L5,Sst-MET-4,Sst Calb2 Pdlim5
740155221,0.50294551,L5,Sst-MET-4,Sst Calb2 Pdlim5
740164794,0.524672257,L5,Pvalb-MET-4,Pvalb Reln Itm2a
740380531,0.351856465,L2/3,Sst-MET-3,Sst Calb2 Pdlim5
740649731,0.679076028,L5,Sst-MET-12,Sst Crhr2 Efemp1
740660643,0.736208595,L5,Sst-MET-9,Sst Tac2 Myh4
740675145,0.693081022,L5,Sst-MET-13,Sst Esm1
740695122,0.708556301,L5,Sst-MET-6,Sst Myh8 Etv1
740732467,0.658569526,L5,Sst-MET-9,Sst Tac2 Tacstd2
740780456,0.488526406,L4,Sst-MET-8,Sst Hpse Cbln4
740819727,0.788039577,L6,Sst-MET-12,Sst Rxfp1 Eya1
740872967,0.436243341,L4,Sst-MET-2,Sst Tac1 Htr1d
740875222,0.626027598,L5,Sst-MET-1,Sst Chodl
740890186,0.31517235,L2/3,Pvalb-MET-4,Pvalb Tpbg
741187985,0.450022332,L4,,
741313892,0.56822894,L5,,
741785767,0.592884245,L5,Sst-MET-12,Sst Hpse Cbln4
741788179,0.371802211,L4,Sst-MET-2,Sst Tac1 Htr1d
741796557,0.686249247,L5,Sst-MET-6,Sst Myh8 Etv1
741940660,0.642359778,L5,Sst-MET-12,Sst Mme Fam114a1
742009621,0.806981472,L6,Sst-MET-12,Sst Mme Fam114a1
742033571,0.220838707,L2/3,Vip-MET-5,Vip Crispld2 Htr2c
742784488,0.3287041,L2/3,Vip-MET-2,Vip Ptprt Pkp2
743001170,0.539152265,L5,Sncg-MET-1,Sncg Vip Itih5
743012953,0.804650268,L6,Sst-MET-10,Sst Rxfp1 Prdm8
743041228,0.861455866,L6,Sst-MET-13,Sst Nts
743049614,0.978628659,L6,Sst-MET-13,Sst Nts
743458377,0.134005616,L2/3,Sncg-MET-1,Vip Col15a1 Pde1a
743468218,0.172926039,L2/3,Vip-MET-5,Vip Crispld2 Htr2c
743504177,0.187865803,L2/3,Vip-MET-5,Vip Crispld2 Htr2c
744053590,0.265160339,L2/3,Vip-MET-4,Vip Lmo1 Myl1
744211669,0.359018269,L2/3,Vip-MET-3,Vip Lmo1 Fam159b
744454952,0.360040301,L2/3,Pvalb-MET-4,Pvalb Tpbg
744476851,0.652757574,L5,Sst-MET-12,Sst Mme Fam114a1
744975652,0.241647543,L2/3,Vip-MET-1,Vip Pygm C1ql1
745584401,0.494382364,L5,Sst-MET-11,Sst Mme Fam114a1
745633800,0.689570045,L5,,
745692039,0.58018797,L5,Sst-MET-4,Sst Calb2 Pdlim5
745736817,0.371337527,L4,Sst-MET-3,Sst Tac1 Htr1d
746086313,0.034777968,L1,Lamp5-MET-1,Lamp5 Plch2 Dock5
746200101,0.180698689,L2/3,Sst-MET-2,Sst Tac1 Htr1d
746257405,0.618099263,L5,Sst-MET-2,Sst Tac1 Htr1d
746732672,0.554981162,L5,Sst-MET-6,Sst Chrna2 Glra3
746747868,0.703176173,L5,Sst-MET-9,Sst Tac2 Tacstd2
746754997,0.543033391,L5,,
746917764,0.812146549,L6,Sst-MET-10,Sst Rxfp1 Prdm8
746924803,0.488325872,L4,Sst-MET-8,Sst Hpse Cbln4
747028632,0.608023246,L5,Sst-MET-6,Sst Chrna2 Glra3
750472605,0.658018344,L5,Sst-MET-6,Sst Myh8 Etv1
750706642,0.721493018,L5,Sst-MET-13,Sst Esm1
750776506,0.664570869,L5,Sst-MET-11,Sst Crhr2 Efemp1
750824726,0.766505609,L6,Sst-MET-13,Sst Nts
750833190,0.812452998,L6,Sst-MET-12,Sst Rxfp1 Eya1
751199266,0.693446289,L5,Sst-MET-5,Sst Myh8 Etv1
751947558,0.720728654,L5,Sst-MET-12,Sst Mme Fam114a1
751991773,0.755160405,L6,Sst-MET-10,Sst Rxfp1 Prdm8
752027250,0.575203057,L5,Sst-MET-8,Sst Hpse Cbln4
752042986,0.583898394,L5,Sst-MET-7,Sst Hpse Sema3c
752063316,0.25557721,L2/3,Sst-MET-3,Sst Calb2 Pdlim5
754508194,0.802834152,L6,Pvalb-MET-2,Pvalb Sema3e Kank4
755552030,0.288615439,L2/3,Vip-MET-1,Vip Chat Htr1f
755592855,0.250368639,L2/3,Vip-MET-1,Vip Pygm C1ql1
755625739,0.630852816,L5,Pvalb-MET-3,Pvalb Gpr149 Islr
755625849,0.352014561,L2/3,Vip-MET-1,Vip Chat Htr1f
757252810,,,Sncg-MET-1,Vip Col15a1 Pde1a
758263126,0.349651238,L2/3,Vip-MET-4,Vip Lmo1 Myl1
759751429,0.259235332,L2/3,Vip-MET-5,Vip Crispld2 Kcne4
759909292,0.486955027,L4,Sst-MET-7,Sst Hpse Sema3c
759939473,0.768765624,L6,Sst-MET-9,Sst Tac2 Tacstd2
759948010,0.872264906,L6,Sst-MET-10,Sst Rxfp1 Prdm8
759955697,0.69225824,L5,Sst-MET-7,Sst Hpse Sema3c
759970262,0.435912841,L4,Sst-MET-3,Sst Tac1 Htr1d
760011270,0.608526403,L5,Sst-MET-6,Sst Myh8 Etv1
760064682,0.786688427,L6,Pvalb-MET-2,Pvalb Calb1 Sst
760268259,0.510184001,L5,Sst-MET-8,Sst Hpse Cbln4
760280955,0.266937657,L2/3,Sst-MET-2,Sst Tac1 Htr1d
760294832,0.742664075,L5,Sst-MET-6,Sst Chrna2 Glra3
760316107,0.150562505,L2/3,Sncg-MET-1,Vip Col15a1 Pde1a
760416458,0.73099531,L5,Sst-MET-6,Sst Chrna2 Ptgdr
760437219,0.229387443,L2/3,Vip-MET-5,Vip Lect1 Oxtr
760821319,0.771939033,L6,Sst-MET-10,Sst Rxfp1 Prdm8
760832993,0.839014983,L6,Sst-MET-12,Sst Crhr2 Efemp1
760834631,0.40015167,L4,Sst-MET-3,Sst Calb2 Necab1
760890074,0.215585713,L2/3,Vip-MET-1,Vip Chat Htr1f
760961855,0.372544624,L4,Sst-MET-3,Sst Calb2 Pdlim5
760981484,0.626916995,L5,,
761297232,0.408203411,L4,Vip-MET-2,Vip Ptprt Pkp2
761304075,0.392780183,L4,Vip-MET-1,Vip Pygm C1ql1
761344650,0.351640217,L2/3,Vip-MET-4,Vip Lmo1 Myl1
761409397,0.193721152,L2/3,Pvalb-MET-4,Lamp5 Lsp1
761429710,0.203312663,L2/3,Pvalb-MET-4,Pvalb Reln Itm2a
761820827,0.445957037,L4,Vip-MET-4,Vip Lmo1 Myl1
761822060,0.142863539,L2/3,Vip-MET-5,Vip Crispld2 Htr2c
762590075,0.149560471,L2/3,Pvalb-MET-4,Pvalb Tpbg
762757594,0.32517378,L2/3,Pvalb-MET-4,Pvalb Reln Itm2a
763378303,0.522209972,L5,Pvalb-MET-3,Pvalb Gpr149 Islr
763912380,0.747783392,L6,Sncg-MET-1,Sncg Gpr50
763952780,0.169145441,L2/3,Vip-MET-5,Vip Lect1 Oxtr
764341238,0.119674176,L1,Lamp5-MET-1,Lamp5 Fam19a1 Pax6
764391439,0.070339627,L1,Lamp5-MET-1,Lamp5 Plch2 Dock5
764726542,0.565385973,L5,Pvalb-MET-4,Pvalb Reln Itm2a
764872932,0.291043114,L2/3,Pvalb-MET-4,Pvalb Tpbg
764879591,0.19005616,L2/3,Vip-MET-1,Vip Chat Htr1f
764896381,0.097845001,L1,Lamp5-MET-1,Lamp5 Ntn1 Npy2r
764897253,0.299444921,L2/3,Lamp5-MET-1,Lamp5 Plch2 Dock5
764901187,,,Lamp5-MET-1,Lamp5 Plch2 Dock5
764902677,0.110311503,L1,Lamp5-MET-1,Lamp5 Ntn1 Npy2r
764902707,0.232838413,L2/3,Lamp5-MET-1,Lamp5 Lsp1
766097293,0.611864037,L5,Pvalb-MET-3,Pvalb Reln Tac1
766591236,0.727127979,L5,Sst-MET-9,Sst Esm1
768763533,0.766796234,L6,Sst-MET-12,Sst Crhr2 Efemp1
770216620,0.49741568,L5,Sst-MET-8,Sst Hpse Cbln4
770238836,0.634275871,L5,Sst-MET-5,Sst Nr2f2 Necab1
778327002,0.457141589,L4,Vip-MET-1,Vip Pygm C1ql1
779708399,0.633962566,L5,Sst-MET-12,Sst Hpse Cbln4
780005520,0.48557325,L4,Sst-MET-7,Sst Hpse Sema3c
786135798,0.633050034,L5,Sst-MET-1,Sst Chodl
786176775,0.608048114,L5,Sst-MET-1,Sst Chodl
786228558,0.265790624,L2/3,Pvalb-MET-4,Pvalb Reln Itm2a
788296224,0.398313025,L4,Sst-MET-3,Sst Calb2 Pdlim5
795530674,0.734754511,L5,Sst-MET-13,Sst Esm1
795563325,0.357227449,L2/3,Sst-MET-2,Sst Tac1 Tacr3
795572082,0.879315477,L6,Sst-MET-12,Sst Crhr2 Efemp1
795844214,0.88427003,L6,Sst-MET-13,Sst Nts
796636728,0.304630102,L2/3,,
796666943,0.207164439,L2/3,Vip-MET-1,Vip Chat Htr1f
797664123,0.258262423,L2/3,Vip-MET-1,Vip Chat Htr1f
797722932,0.28225305,L2/3,Vip-MET-5,Vip Crispld2 Kcne4
799776604,0.227058982,L2/3,Sncg-MET-2,Sncg Vip Nptx2
803605276,0.791619956,L6,Sst-MET-12,Sst Crhr2 Efemp1
804968066,0.364623992,L4,Sst-MET-8,Sst Hpse Cbln4
804977071,0.342602317,L2/3,Vip-MET-2,Vip Ptprt Pkp2
805584825,0.50995741,L5,Sst-MET-4,Sst Calb2 Pdlim5
808285808,0.831436461,L6,Sst-MET-12,Sst Rxfp1 Eya1
808475329,0.518460367,L5,Pvalb-MET-4,Pvalb Reln Itm2a
808537562,0.531223336,L5,Sst-MET-4,Sst Calb2 Pdlim5
808824183,0.743580306,L5,Sst-MET-9,Sst Tac2 Tacstd2
808875776,0.530368549,L5,Sst-MET-7,Sst Hpse Sema3c
808882292,0.786861385,L6,Sst-MET-13,Sst Esm1
809006343,0.298980628,L2/3,Pvalb-MET-4,Pvalb Tpbg
809113087,0.666360155,L5,Sst-MET-5,Sst Nr2f2 Necab1
809338969,0.419541839,L4,Sst-MET-3,Sst Calb2 Pdlim5
809649556,0.206864901,L2/3,Pvalb-MET-4,Pvalb Tpbg
809688289,0.191662453,L2/3,Vip-MET-5,Vip Crispld2 Htr2c
810317285,0.654729853,L5,Sst-MET-9,Sst Tac2 Tacstd2
812996960,0.585329938,L5,Sst-MET-11,Sst Mme Fam114a1
813500978,0.270534755,L2/3,Vip-MET-1,Serpinf1 Aqp5 Vip
816012073,0.855303852,L6,Sst-MET-12,Sst Rxfp1 Eya1
816434177,0.813939021,L6,Sst-MET-1,Sst Chodl
817935092,0.586255665,L5,Pvalb-MET-3,Pvalb Reln Tac1
818792182,0.808311604,L6,Pvalb-MET-4,Pvalb Reln Itm2a
820754704,0.239750625,L2/3,Sst-MET-2,Sst Tac1 Htr1d
820897104,0.647533165,L5,Pvalb-MET-3,Pvalb Reln Tac1
821563005,0.784748429,L6,Pvalb-MET-2,Pvalb Akr1c18 Ntf3
821771315,0.662979176,L5,Sst-MET-6,Sst Chrna2 Glra3
821774757,0.701991729,L5,Sst-MET-5,Sst Nr2f2 Necab1
821788449,0.685722413,L5,Sst-MET-5,Sst Nr2f2 Necab1
821907565,0.727842816,L5,Pvalb-MET-4,Pvalb Reln Itm2a
823253200,0.186786778,L2/3,Sst-MET-2,Sst Tac1 Tacr3
823681740,0.239353901,L2/3,Lamp5-MET-1,Lamp5 Lsp1
823702943,0.160884923,L2/3,Pvalb-MET-5,Pvalb Vipr2
823719680,0.084504801,L1,Lamp5-MET-1,Lamp5 Ntn1 Npy2r
823830483,0.417632179,L4,Pvalb-MET-4,Pvalb Reln Itm2a
824909637,0.274389998,L2/3,,
825269133,0.326288175,L2/3,Pvalb-MET-3,Pvalb Gpr149 Islr
825522397,0.450103712,L4,Lamp5-MET-1,Lamp5 Plch2 Dock5
825549510,0.097343217,L1,Lamp5-MET-1,Lamp5 Plch2 Dock5
826712572,0.112788731,L1,Lamp5-MET-1,Lamp5 Plch2 Dock5
827347629,0.194191283,L2/3,Lamp5-MET-1,Lamp5 Plch2 Dock5
827447865,0.341610004,L2/3,Lamp5-MET-1,Lamp5 Plch2 Dock5
827524052,0.186987471,L2/3,Lamp5-MET-1,Lamp5 Ntn1 Npy2r
827573535,0.123035334,L1,Lamp5-MET-1,Lamp5 Plch2 Dock5
828803869,0.08259892,L1,Lamp5-MET-1,Lamp5 Lsp1
829170676,0.722172566,L5,,
829185764,0.5465,L5,Vip-MET-4,Vip Lmo1 Myl1
829195312,0.280251346,L2/3,Vip-MET-5,Vip Crispld2 Htr2c
830434392,0.578801085,L5,Sncg-MET-1,Sncg Gpr50
831988252,0.37434377,L4,,
836844418,0.277802306,L2/3,Vip-MET-1,Vip Pygm C1ql1
837594867,0.407254873,L4,Pvalb-MET-4,Pvalb Reln Itm2a
841718359,0.405465968,L4,Sst-MET-3,Sst Calb2 Pdlim5
841834394,0.166181347,L2/3,Sst-MET-3,Sst Calb2 Necab1
842841654,0.113398499,L1,Sst-MET-2,Sst Calb2 Necab1
842844583,0.647544518,L5,Sst-MET-3,Sst Calb2 Pdlim5
843366621,0.127732743,L2/3,Sst-MET-1,Sst Chodl
844757902,0.565503102,L5,Sst-MET-2,Sst Tac1 Htr1d
844870606,0.515211961,L5,Vip-MET-1,Vip Pygm C1ql1
844908436,,,Vip-MET-1,Vip Chat Htr1f
844965212,0.744596149,L5,Sst-MET-10,Sst Rxfp1 Prdm8
846902552,0.876696767,L6,Sst-MET-12,Sst Rxfp1 Eya1
847083836,0.507249454,L5,Sst-MET-4,Sst Calb2 Pdlim5
849535368,0.776754566,L6,Sst-MET-13,Sst Esm1
849607183,0.618455661,L5,Sst-MET-7,Sst Hpse Sema3c
851016910,0.38893102,L4,Sst-MET-3,Sst Hpse Cbln4
853882442,0.888914815,L6,Pvalb-MET-2,Pvalb Akr1c18 Ntf3
855275163,0.189207968,L2/3,,
855357345,0.116672694,L1,Sncg-MET-2,Sncg Vip Nptx2
855791035,0.273021753,L2/3,Sncg-MET-1,Sncg Vip Nptx2
855995114,,,Sncg-MET-1,Sncg Gpr50
857223181,0.820080562,L6,Sncg-MET-1,Sncg Gpr50
857296784,0.413674759,L4,Sncg-MET-1,Sncg Vip Itih5
858255768,0.179488551,L2/3,Sncg-MET-1,Sncg Gpr50
859621160,0.19552258,L2/3,,
859655391,0.293461841,L2/3,Sncg-MET-1,Sncg Vip Itih5
861736319,0.181725057,L2/3,Sncg-MET-1,Sncg Vip Itih5
861765455,0.389032407,L4,Sncg-MET-1,Sncg Vip Itih5
861769605,0.319522696,L2/3,Sncg-MET-1,Sncg Vip Itih5
862596299,0.76233611,L6,Sncg-MET-1,Sncg Vip Itih5
863585604,0.606798135,L5,Sst-MET-6,Sst Chrna2 Ptgdr
863604233,0.7445662,L5,Sst-MET-13,Sst Esm1
863631899,0.646294954,L5,Sst-MET-13,Sst Esm1
866267921,0.184184689,L2/3,Lamp5-MET-1,Lamp5 Plch2 Dock5
869634031,0.192333107,L2/3,,
870661094,0.76363424,L6,Lamp5-MET-2,Lamp5 Lhx6
871782504,0.543904617,L5,Pvalb-MET-3,Pvalb Reln Tac1
872026690,0.833032912,L6,Pvalb-MET-2,Pvalb Akr1c18 Ntf3
872248529,0.189368627,L2/3,Sst-MET-2,Sst Tac1 Htr1d
873854264,0.109571697,L1,Sst-MET-1,Sst Chodl
886335606,0.387720734,L4,Pvalb-MET-4,Pvalb Reln Itm2a
887048277,0.709497042,L5,Pvalb-MET-2,Pvalb Akr1c18 Ntf3
887156236,0.311330179,L2/3,Lamp5-MET-1,Lamp5 Lsp1
887288382,0.548919235,L5,Vip-MET-1,Vip Chat Htr1f
888108541,0.264932045,L2/3,Lamp5-MET-1,Lamp5 Ntn1 Npy2r
889183564,0.048736292,L1,Lamp5-MET-1,Lamp5 Ntn1 Npy2r
889235347,0.150485043,L2/3,Lamp5-MET-1,Lamp5 Plch2 Dock5
892547707,0.446858675,L4,Pvalb-MET-4,Pvalb Reln Itm2a
894308422,,,Pvalb-MET-4,Pvalb Tpbg
895740736,0.330603007,L2/3,,
898559010,0.250878131,L2/3,,
898697809,0.435805761,L4,Vip-MET-4,Vip Lmo1 Myl1
898703349,0.456173769,L4,Vip-MET-4,Vip Lmo1 Myl1
899368360,0.367053999,L4,,
904023586,0.857715775,L6,Pvalb-MET-2,Pvalb Akr1c18 Ntf3
904832267,0.267901726,L2/3,,
904862358,0.198828109,L2/3,,
912868696,0.202283195,L2/3,,
913928092,0.652096108,L5,Sncg-MET-1,Sncg Gpr50
919102928,0.226311616,L2/3,,
919950532,0.29596802,L2/3,,
922613228,0.157002433,L2/3,,
926866005,0.120055112,L1,,
926887643,0.149022573,L2/3,,
927833265,0.182959164,L2/3,,
935032340,0.653513979,L5,Sncg-MET-1,Sncg Gpr50
941794256,0.138746946,L2/3,Sncg-MET-1,Sncg Gpr50
941802910,0.758867046,L6,Sncg-MET-1,Sncg Vip Itih5
941824942,0.658271775,L5,Sncg-MET-3,Sncg Slc17a8
941846857,0.292623428,L2/3,Sncg-MET-1,Sncg Gpr50
941868688,0.120300609,L1,Sncg-MET-1,Sncg Gpr50
941935110,0.201660986,L2/3,Sncg-MET-1,Sncg Gpr50
946190769,0.193200766,L2/3,Sncg-MET-1,Sncg Vip Itih5
952669499,0.311650766,L2/3,,
958930508,0.822575222,L6,Pvalb-MET-2,Pvalb Akr1c18 Ntf3
963019667,0.236483808,L2/3,,
992268582,0.222557433,L2/3,Pvalb-MET-5,Pvalb Vipr2
992386952,0.143578616,L2/3,Sncg-MET-1,Sncg Vip Itih5
992830261,0.691884111,L5,Sncg-MET-3,Sncg Slc17a8
993243528,0.118258231,L1,,
993245688,0.270297855,L2/3,Sncg-MET-1,Sncg Gpr50
993283588,0.207759223,L2/3,Sncg-MET-1,Sncg Gpr50
